email,password,pk,device_name
tta_test0@gmail.com,tta_password0,50,tta-iml-user0
tta_test1@gmail.com,tta_password1,51,tta-iml-user1
tta_test2@gmail.com,tta_password2,52,tta-iml-user2
tta_test3@gmail.com,tta_password3,53,tta-iml-user3
tta_test4@gmail.com,tta_password4,54,tta-iml-user4
tta_test5@gmail.com,tta_password5,55,tta-iml-user5
tta_test6@gmail.com,tta_password6,56,tta-iml-user6
tta_test7@gmail.com,tta_password7,57,tta-iml-user7
tta_test8@gmail.com,tta_password8,58,tta-iml-user8
tta_test9@gmail.com,tta_password9,59,tta-iml-user9
tta_test10@gmail.com,tta_password10,60,tta-iml-user10
tta_test11@gmail.com,tta_password11,61,tta-iml-user11
tta_test12@gmail.com,tta_password12,62,tta-iml-user12
tta_test13@gmail.com,tta_password13,63,tta-iml-user13
tta_test14@gmail.com,tta_password14,64,tta-iml-user14
tta_test15@gmail.com,tta_password15,65,tta-iml-user15
tta_test16@gmail.com,tta_password16,66,tta-iml-user16
tta_test17@gmail.com,tta_password17,67,tta-iml-user17
tta_test18@gmail.com,tta_password18,68,tta-iml-user18
tta_test19@gmail.com,tta_password19,69,tta-iml-user19
tta_test20@gmail.com,tta_password20,70,tta-iml-user20
tta_test21@gmail.com,tta_password21,71,tta-iml-user21
tta_test22@gmail.com,tta_password22,72,tta-iml-user22
tta_test23@gmail.com,tta_password23,73,tta-iml-user23
tta_test24@gmail.com,tta_password24,74,tta-iml-user24
tta_test25@gmail.com,tta_password25,75,tta-iml-user25
tta_test26@gmail.com,tta_password26,76,tta-iml-user26
tta_test27@gmail.com,tta_password27,77,tta-iml-user27
tta_test28@gmail.com,tta_password28,78,tta-iml-user28
tta_test29@gmail.com,tta_password29,79,tta-iml-user29
tta_test30@gmail.com,tta_password30,80,tta-iml-user30
tta_test31@gmail.com,tta_password31,81,tta-iml-user31
tta_test32@gmail.com,tta_password32,82,tta-iml-user32
tta_test33@gmail.com,tta_password33,83,tta-iml-user33
tta_test34@gmail.com,tta_password34,84,tta-iml-user34
tta_test35@gmail.com,tta_password35,85,tta-iml-user35
tta_test36@gmail.com,tta_password36,86,tta-iml-user36
tta_test37@gmail.com,tta_password37,87,tta-iml-user37
tta_test38@gmail.com,tta_password38,88,tta-iml-user38
tta_test39@gmail.com,tta_password39,89,tta-iml-user39
tta_test40@gmail.com,tta_password40,90,tta-iml-user40
tta_test41@gmail.com,tta_password41,91,tta-iml-user41
tta_test42@gmail.com,tta_password42,92,tta-iml-user42
tta_test43@gmail.com,tta_password43,93,tta-iml-user43
tta_test44@gmail.com,tta_password44,94,tta-iml-user44
tta_test45@gmail.com,tta_password45,95,tta-iml-user45
tta_test46@gmail.com,tta_password46,96,tta-iml-user46
tta_test47@gmail.com,tta_password47,97,tta-iml-user47
tta_test48@gmail.com,tta_password48,98,tta-iml-user48
tta_test49@gmail.com,tta_password49,99,tta-iml-user49
tta_test50@gmail.com,tta_password50,100,tta-iml-user50
tta_test51@gmail.com,tta_password51,101,tta-iml-user51
tta_test52@gmail.com,tta_password52,102,tta-iml-user52
tta_test53@gmail.com,tta_password53,103,tta-iml-user53
tta_test54@gmail.com,tta_password54,104,tta-iml-user54
tta_test55@gmail.com,tta_password55,105,tta-iml-user55
tta_test56@gmail.com,tta_password56,106,tta-iml-user56
tta_test57@gmail.com,tta_password57,107,tta-iml-user57
tta_test58@gmail.com,tta_password58,108,tta-iml-user58
tta_test59@gmail.com,tta_password59,109,tta-iml-user59
tta_test60@gmail.com,tta_password60,110,tta-iml-user60
tta_test61@gmail.com,tta_password61,111,tta-iml-user61
tta_test62@gmail.com,tta_password62,112,tta-iml-user62
tta_test63@gmail.com,tta_password63,113,tta-iml-user63
tta_test64@gmail.com,tta_password64,114,tta-iml-user64
tta_test65@gmail.com,tta_password65,115,tta-iml-user65
tta_test66@gmail.com,tta_password66,116,tta-iml-user66
tta_test67@gmail.com,tta_password67,117,tta-iml-user67
tta_test68@gmail.com,tta_password68,118,tta-iml-user68
tta_test69@gmail.com,tta_password69,119,tta-iml-user69
tta_test70@gmail.com,tta_password70,120,tta-iml-user70
tta_test71@gmail.com,tta_password71,121,tta-iml-user71
tta_test72@gmail.com,tta_password72,122,tta-iml-user72
tta_test73@gmail.com,tta_password73,123,tta-iml-user73
tta_test74@gmail.com,tta_password74,124,tta-iml-user74
tta_test75@gmail.com,tta_password75,125,tta-iml-user75
tta_test76@gmail.com,tta_password76,126,tta-iml-user76
tta_test77@gmail.com,tta_password77,127,tta-iml-user77
tta_test78@gmail.com,tta_password78,128,tta-iml-user78
tta_test79@gmail.com,tta_password79,129,tta-iml-user79
tta_test80@gmail.com,tta_password80,130,tta-iml-user80
tta_test81@gmail.com,tta_password81,131,tta-iml-user81
tta_test82@gmail.com,tta_password82,132,tta-iml-user82
tta_test83@gmail.com,tta_password83,133,tta-iml-user83
tta_test84@gmail.com,tta_password84,134,tta-iml-user84
tta_test85@gmail.com,tta_password85,135,tta-iml-user85
tta_test86@gmail.com,tta_password86,136,tta-iml-user86
tta_test87@gmail.com,tta_password87,137,tta-iml-user87
tta_test88@gmail.com,tta_password88,138,tta-iml-user88
tta_test89@gmail.com,tta_password89,139,tta-iml-user89
tta_test90@gmail.com,tta_password90,140,tta-iml-user90
tta_test91@gmail.com,tta_password91,141,tta-iml-user91
tta_test92@gmail.com,tta_password92,142,tta-iml-user92
tta_test93@gmail.com,tta_password93,143,tta-iml-user93
tta_test94@gmail.com,tta_password94,144,tta-iml-user94
tta_test95@gmail.com,tta_password95,145,tta-iml-user95
tta_test96@gmail.com,tta_password96,146,tta-iml-user96
tta_test97@gmail.com,tta_password97,147,tta-iml-user97
tta_test98@gmail.com,tta_password98,148,tta-iml-user98
tta_test99@gmail.com,tta_password99,149,tta-iml-user99
